model,period_s,period_key,imt,row_index,coefficient,value,cached_value,formula,source_sheet,source_cell,source_workbook
I14,0.01,p0p010,SA,5,a1,7.0887,7.0887,,I14_Coeffs,B5,NGAW2_GMPE_Spreadsheets_v5.7_041415_ProtectedLocked.xlsm
I14,0.01,p0p010,SA,5,a2,0.2058,0.2058,,I14_Coeffs,C5,NGAW2_GMPE_Spreadsheets_v5.7_041415_ProtectedLocked.xlsm
I14,0.01,p0p010,SA,5,b1,2.9935,2.9935,,I14_Coeffs,D5,NGAW2_GMPE_Spreadsheets_v5.7_041415_ProtectedLocked.xlsm
I14,0.01,p0p010,SA,5,b2,-0.2287,-0.2287,,I14_Coeffs,E5,NGAW2_GMPE_Spreadsheets_v5.7_041415_ProtectedLocked.xlsm
I14,0.01,p0p010,SA,5,a1_2,9.0138,9.0138,,I14_Coeffs,F5,NGAW2_GMPE_Spreadsheets_v5.7_041415_ProtectedLocked.xlsm
I14,0.01,p0p010,SA,5,a2_2,-0.0794,-0.0794,,I14_Coeffs,G5,NGAW2_GMPE_Spreadsheets_v5.7_041415_ProtectedLocked.xlsm
I14,0.01,p0p010,SA,5,b1_2,2.9935,2.9935,,I14_Coeffs,H5,NGAW2_GMPE_Spreadsheets_v5.7_041415_ProtectedLocked.xlsm
I14,0.01,p0p010,SA,5,b2_2,-0.2287,-0.2287,,I14_Coeffs,I5,NGAW2_GMPE_Spreadsheets_v5.7_041415_ProtectedLocked.xlsm
I14,0.01,p0p010,SA,5,a3,0.0589,0.0589,,I14_Coeffs,J5,NGAW2_GMPE_Spreadsheets_v5.7_041415_ProtectedLocked.xlsm
I14,0.01,p0p010,SA,5,x,-0.854,-0.854,,I14_Coeffs,K5,NGAW2_GMPE_Spreadsheets_v5.7_041415_ProtectedLocked.xlsm
I14,0.01,p0p010,SA,5,g,-0.0027,-0.0027,,I14_Coeffs,L5,NGAW2_GMPE_Spreadsheets_v5.7_041415_ProtectedLocked.xlsm
I14,0.01,p0p010,SA,5,j,0.08,0.08,,I14_Coeffs,M5,NGAW2_GMPE_Spreadsheets_v5.7_041415_ProtectedLocked.xlsm
I14,0.02,p0p020,SA,6,a1,7.1157,7.1157,,I14_Coeffs,B6,NGAW2_GMPE_Spreadsheets_v5.7_041415_ProtectedLocked.xlsm
I14,0.02,p0p020,SA,6,a2,0.2058,0.2058,,I14_Coeffs,C6,NGAW2_GMPE_Spreadsheets_v5.7_041415_ProtectedLocked.xlsm
I14,0.02,p0p020,SA,6,b1,2.9935,2.9935,,I14_Coeffs,D6,NGAW2_GMPE_Spreadsheets_v5.7_041415_ProtectedLocked.xlsm
I14,0.02,p0p020,SA,6,b2,-0.2287,-0.2287,,I14_Coeffs,E6,NGAW2_GMPE_Spreadsheets_v5.7_041415_ProtectedLocked.xlsm
I14,0.02,p0p020,SA,6,a1_2,9.0408,9.0408,,I14_Coeffs,F6,NGAW2_GMPE_Spreadsheets_v5.7_041415_ProtectedLocked.xlsm
I14,0.02,p0p020,SA,6,a2_2,-0.0794,-0.0794,,I14_Coeffs,G6,NGAW2_GMPE_Spreadsheets_v5.7_041415_ProtectedLocked.xlsm
I14,0.02,p0p020,SA,6,b1_2,2.9935,2.9935,,I14_Coeffs,H6,NGAW2_GMPE_Spreadsheets_v5.7_041415_ProtectedLocked.xlsm
I14,0.02,p0p020,SA,6,b2_2,-0.2287,-0.2287,,I14_Coeffs,I6,NGAW2_GMPE_Spreadsheets_v5.7_041415_ProtectedLocked.xlsm
I14,0.02,p0p020,SA,6,a3,0.0589,0.0589,,I14_Coeffs,J6,NGAW2_GMPE_Spreadsheets_v5.7_041415_ProtectedLocked.xlsm
I14,0.02,p0p020,SA,6,x,-0.854,-0.854,,I14_Coeffs,K6,NGAW2_GMPE_Spreadsheets_v5.7_041415_ProtectedLocked.xlsm
I14,0.02,p0p020,SA,6,g,-0.0027,-0.0027,,I14_Coeffs,L6,NGAW2_GMPE_Spreadsheets_v5.7_041415_ProtectedLocked.xlsm
I14,0.02,p0p020,SA,6,j,0.08,0.08,,I14_Coeffs,M6,NGAW2_GMPE_Spreadsheets_v5.7_041415_ProtectedLocked.xlsm
I14,0.03,p0p030,SA,7,a1,7.2087,7.2087,,I14_Coeffs,B7,NGAW2_GMPE_Spreadsheets_v5.7_041415_ProtectedLocked.xlsm
I14,0.03,p0p030,SA,7,a2,0.2058,0.2058,,I14_Coeffs,C7,NGAW2_GMPE_Spreadsheets_v5.7_041415_ProtectedLocked.xlsm
I14,0.03,p0p030,SA,7,b1,2.9935,2.9935,,I14_Coeffs,D7,NGAW2_GMPE_Spreadsheets_v5.7_041415_ProtectedLocked.xlsm
I14,0.03,p0p030,SA,7,b2,-0.2287,-0.2287,,I14_Coeffs,E7,NGAW2_GMPE_Spreadsheets_v5.7_041415_ProtectedLocked.xlsm
I14,0.03,p0p030,SA,7,a1_2,9.1338,9.1338,,I14_Coeffs,F7,NGAW2_GMPE_Spreadsheets_v5.7_041415_ProtectedLocked.xlsm
I14,0.03,p0p030,SA,7,a2_2,-0.0794,-0.0794,,I14_Coeffs,G7,NGAW2_GMPE_Spreadsheets_v5.7_041415_ProtectedLocked.xlsm
I14,0.03,p0p030,SA,7,b1_2,2.9935,2.9935,,I14_Coeffs,H7,NGAW2_GMPE_Spreadsheets_v5.7_041415_ProtectedLocked.xlsm
I14,0.03,p0p030,SA,7,b2_2,-0.2287,-0.2287,,I14_Coeffs,I7,NGAW2_GMPE_Spreadsheets_v5.7_041415_ProtectedLocked.xlsm
I14,0.03,p0p030,SA,7,a3,0.0589,0.0589,,I14_Coeffs,J7,NGAW2_GMPE_Spreadsheets_v5.7_041415_ProtectedLocked.xlsm
I14,0.03,p0p030,SA,7,x,-0.854,-0.854,,I14_Coeffs,K7,NGAW2_GMPE_Spreadsheets_v5.7_041415_ProtectedLocked.xlsm
I14,0.03,p0p030,SA,7,g,-0.0027,-0.0027,,I14_Coeffs,L7,NGAW2_GMPE_Spreadsheets_v5.7_041415_ProtectedLocked.xlsm
I14,0.03,p0p030,SA,7,j,0.08,0.08,,I14_Coeffs,M7,NGAW2_GMPE_Spreadsheets_v5.7_041415_ProtectedLocked.xlsm
I14,0.05,p0p050,SA,8,a1,6.2638,6.2638,,I14_Coeffs,B8,NGAW2_GMPE_Spreadsheets_v5.7_041415_ProtectedLocked.xlsm
I14,0.05,p0p050,SA,8,a2,0.0625,0.0625,,I14_Coeffs,C8,NGAW2_GMPE_Spreadsheets_v5.7_041415_ProtectedLocked.xlsm
I14,0.05,p0p050,SA,8,b1,2.8664,2.8664,,I14_Coeffs,D8,NGAW2_GMPE_Spreadsheets_v5.7_041415_ProtectedLocked.xlsm
I14,0.05,p0p050,SA,8,b2,-0.2418,-0.2418,,I14_Coeffs,E8,NGAW2_GMPE_Spreadsheets_v5.7_041415_ProtectedLocked.xlsm
I14,0.05,p0p050,SA,8,a1_2,7.9837,7.9837,,I14_Coeffs,F8,NGAW2_GMPE_Spreadsheets_v5.7_041415_ProtectedLocked.xlsm
I14,0.05,p0p050,SA,8,a2_2,-0.1923,-0.1923,,I14_Coeffs,G8,NGAW2_GMPE_Spreadsheets_v5.7_041415_ProtectedLocked.xlsm
I14,0.05,p0p050,SA,8,b1_2,2.7995,2.7995,,I14_Coeffs,H8,NGAW2_GMPE_Spreadsheets_v5.7_041415_ProtectedLocked.xlsm
I14,0.05,p0p050,SA,8,b2_2,-0.2319,-0.2319,,I14_Coeffs,I8,NGAW2_GMPE_Spreadsheets_v5.7_041415_ProtectedLocked.xlsm
I14,0.05,p0p050,SA,8,a3,0.0417,0.0417,,I14_Coeffs,J8,NGAW2_GMPE_Spreadsheets_v5.7_041415_ProtectedLocked.xlsm
I14,0.05,p0p050,SA,8,x,-0.631,-0.631,,I14_Coeffs,K8,NGAW2_GMPE_Spreadsheets_v5.7_041415_ProtectedLocked.xlsm
I14,0.05,p0p050,SA,8,g,-0.0061,-0.0061,,I14_Coeffs,L8,NGAW2_GMPE_Spreadsheets_v5.7_041415_ProtectedLocked.xlsm
I14,0.05,p0p050,SA,8,j,0.08,0.08,,I14_Coeffs,M8,NGAW2_GMPE_Spreadsheets_v5.7_041415_ProtectedLocked.xlsm
I14,0.075,p0p075,SA,9,a1,5.9051,5.9051,,I14_Coeffs,B9,NGAW2_GMPE_Spreadsheets_v5.7_041415_ProtectedLocked.xlsm
I14,0.075,p0p075,SA,9,a2,0.1128,0.1128,,I14_Coeffs,C9,NGAW2_GMPE_Spreadsheets_v5.7_041415_ProtectedLocked.xlsm
I14,0.075,p0p075,SA,9,b1,2.9406,2.9406,,I14_Coeffs,D9,NGAW2_GMPE_Spreadsheets_v5.7_041415_ProtectedLocked.xlsm
I14,0.075,p0p075,SA,9,b2,-0.2513,-0.2513,,I14_Coeffs,E9,NGAW2_GMPE_Spreadsheets_v5.7_041415_ProtectedLocked.xlsm
I14,0.075,p0p075,SA,9,a1_2,7.756,7.756,,I14_Coeffs,F9,NGAW2_GMPE_Spreadsheets_v5.7_041415_ProtectedLocked.xlsm
I14,0.075,p0p075,SA,9,a2_2,-0.1614,-0.1614,,I14_Coeffs,G9,NGAW2_GMPE_Spreadsheets_v5.7_041415_ProtectedLocked.xlsm
I14,0.075,p0p075,SA,9,b1_2,2.8143,2.8143,,I14_Coeffs,H9,NGAW2_GMPE_Spreadsheets_v5.7_041415_ProtectedLocked.xlsm
I14,0.075,p0p075,SA,9,b2_2,-0.2326,-0.2326,,I14_Coeffs,I9,NGAW2_GMPE_Spreadsheets_v5.7_041415_ProtectedLocked.xlsm
I14,0.075,p0p075,SA,9,a3,0.0527,0.0527,,I14_Coeffs,J9,NGAW2_GMPE_Spreadsheets_v5.7_041415_ProtectedLocked.xlsm
I14,0.075,p0p075,SA,9,x,-0.591,-0.591,,I14_Coeffs,K9,NGAW2_GMPE_Spreadsheets_v5.7_041415_ProtectedLocked.xlsm
I14,0.075,p0p075,SA,9,g,-0.0056,-0.0056,,I14_Coeffs,L9,NGAW2_GMPE_Spreadsheets_v5.7_041415_ProtectedLocked.xlsm
I14,0.075,p0p075,SA,9,j,0.08,0.08,,I14_Coeffs,M9,NGAW2_GMPE_Spreadsheets_v5.7_041415_ProtectedLocked.xlsm
I14,0.1,p0p100,SA,10,a1,7.5791,7.5791,,I14_Coeffs,B10,NGAW2_GMPE_Spreadsheets_v5.7_041415_ProtectedLocked.xlsm
I14,0.1,p0p100,SA,10,a2,0.0848,0.0848,,I14_Coeffs,C10,NGAW2_GMPE_Spreadsheets_v5.7_041415_ProtectedLocked.xlsm
I14,0.1,p0p100,SA,10,b1,3.019,3.019,,I14_Coeffs,D10,NGAW2_GMPE_Spreadsheets_v5.7_041415_ProtectedLocked.xlsm
I14,0.1,p0p100,SA,10,b2,-0.2516,-0.2516,,I14_Coeffs,E10,NGAW2_GMPE_Spreadsheets_v5.7_041415_ProtectedLocked.xlsm
I14,0.1,p0p100,SA,10,a1_2,9.4252,9.4252,,I14_Coeffs,F10,NGAW2_GMPE_Spreadsheets_v5.7_041415_ProtectedLocked.xlsm
I14,0.1,p0p100,SA,10,a2_2,-0.1887,-0.1887,,I14_Coeffs,G10,NGAW2_GMPE_Spreadsheets_v5.7_041415_ProtectedLocked.xlsm
I14,0.1,p0p100,SA,10,b1_2,2.8131,2.8131,,I14_Coeffs,H10,NGAW2_GMPE_Spreadsheets_v5.7_041415_ProtectedLocked.xlsm
I14,0.1,p0p100,SA,10,b2_2,-0.2211,-0.2211,,I14_Coeffs,I10,NGAW2_GMPE_Spreadsheets_v5.7_041415_ProtectedLocked.xlsm
I14,0.1,p0p100,SA,10,a3,0.0442,0.0442,,I14_Coeffs,J10,NGAW2_GMPE_Spreadsheets_v5.7_041415_ProtectedLocked.xlsm
I14,0.1,p0p100,SA,10,x,-0.757,-0.757,,I14_Coeffs,K10,NGAW2_GMPE_Spreadsheets_v5.7_041415_ProtectedLocked.xlsm
I14,0.1,p0p100,SA,10,g,-0.0042,-0.0042,,I14_Coeffs,L10,NGAW2_GMPE_Spreadsheets_v5.7_041415_ProtectedLocked.xlsm
I14,0.1,p0p100,SA,10,j,0.08,0.08,,I14_Coeffs,M10,NGAW2_GMPE_Spreadsheets_v5.7_041415_ProtectedLocked.xlsm
I14,0.15,p0p150,SA,11,a1,8.019,8.019,,I14_Coeffs,B11,NGAW2_GMPE_Spreadsheets_v5.7_041415_ProtectedLocked.xlsm
I14,0.15,p0p150,SA,11,a2,0.1713,0.1713,,I14_Coeffs,C11,NGAW2_GMPE_Spreadsheets_v5.7_041415_ProtectedLocked.xlsm
I14,0.15,p0p150,SA,11,b1,2.7871,2.7871,,I14_Coeffs,D11,NGAW2_GMPE_Spreadsheets_v5.7_041415_ProtectedLocked.xlsm
I14,0.15,p0p150,SA,11,b2,-0.2236,-0.2236,,I14_Coeffs,E11,NGAW2_GMPE_Spreadsheets_v5.7_041415_ProtectedLocked.xlsm
I14,0.15,p0p150,SA,11,a1_2,9.6242,9.6242,,I14_Coeffs,F11,NGAW2_GMPE_Spreadsheets_v5.7_041415_ProtectedLocked.xlsm
I14,0.15,p0p150,SA,11,a2_2,-0.0665,-0.0665,,I14_Coeffs,G11,NGAW2_GMPE_Spreadsheets_v5.7_041415_ProtectedLocked.xlsm
I14,0.15,p0p150,SA,11,b1_2,2.4091,2.4091,,I14_Coeffs,H11,NGAW2_GMPE_Spreadsheets_v5.7_041415_ProtectedLocked.xlsm
I14,0.15,p0p150,SA,11,b2_2,-0.1676,-0.1676,,I14_Coeffs,I11,NGAW2_GMPE_Spreadsheets_v5.7_041415_ProtectedLocked.xlsm
I14,0.15,p0p150,SA,11,a3,0.0329,0.0329,,I14_Coeffs,J11,NGAW2_GMPE_Spreadsheets_v5.7_041415_ProtectedLocked.xlsm
I14,0.15,p0p150,SA,11,x,-0.911,-0.911,,I14_Coeffs,K11,NGAW2_GMPE_Spreadsheets_v5.7_041415_ProtectedLocked.xlsm
I14,0.15,p0p150,SA,11,g,-0.0046,-0.0046,,I14_Coeffs,L11,NGAW2_GMPE_Spreadsheets_v5.7_041415_ProtectedLocked.xlsm
I14,0.15,p0p150,SA,11,j,0.08,0.08,,I14_Coeffs,M11,NGAW2_GMPE_Spreadsheets_v5.7_041415_ProtectedLocked.xlsm
I14,0.2,p0p200,SA,12,a1,9.2812,9.2812,,I14_Coeffs,B12,NGAW2_GMPE_Spreadsheets_v5.7_041415_ProtectedLocked.xlsm
I14,0.2,p0p200,SA,12,a2,0.1041,0.1041,,I14_Coeffs,C12,NGAW2_GMPE_Spreadsheets_v5.7_041415_ProtectedLocked.xlsm
I14,0.2,p0p200,SA,12,b1,2.8611,2.8611,,I14_Coeffs,D12,NGAW2_GMPE_Spreadsheets_v5.7_041415_ProtectedLocked.xlsm
I14,0.2,p0p200,SA,12,b2,-0.2229,-0.2229,,I14_Coeffs,E12,NGAW2_GMPE_Spreadsheets_v5.7_041415_ProtectedLocked.xlsm
I14,0.2,p0p200,SA,12,a1_2,11.13,11.13,,I14_Coeffs,F12,NGAW2_GMPE_Spreadsheets_v5.7_041415_ProtectedLocked.xlsm
I14,0.2,p0p200,SA,12,a2_2,-0.1698,-0.1698,,I14_Coeffs,G12,NGAW2_GMPE_Spreadsheets_v5.7_041415_ProtectedLocked.xlsm
I14,0.2,p0p200,SA,12,b1_2,2.4938,2.4938,,I14_Coeffs,H12,NGAW2_GMPE_Spreadsheets_v5.7_041415_ProtectedLocked.xlsm
I14,0.2,p0p200,SA,12,b2_2,-0.1685,-0.1685,,I14_Coeffs,I12,NGAW2_GMPE_Spreadsheets_v5.7_041415_ProtectedLocked.xlsm
I14,0.2,p0p200,SA,12,a3,0.0188,0.0188,,I14_Coeffs,J12,NGAW2_GMPE_Spreadsheets_v5.7_041415_ProtectedLocked.xlsm
I14,0.2,p0p200,SA,12,x,-0.998,-0.998,,I14_Coeffs,K12,NGAW2_GMPE_Spreadsheets_v5.7_041415_ProtectedLocked.xlsm
I14,0.2,p0p200,SA,12,g,-0.003,-0.003,,I14_Coeffs,L12,NGAW2_GMPE_Spreadsheets_v5.7_041415_ProtectedLocked.xlsm
I14,0.2,p0p200,SA,12,j,0.08,0.08,,I14_Coeffs,M12,NGAW2_GMPE_Spreadsheets_v5.7_041415_ProtectedLocked.xlsm
I14,0.25,p0p250,SA,13,a1,9.5804,9.5804,,I14_Coeffs,B13,NGAW2_GMPE_Spreadsheets_v5.7_041415_ProtectedLocked.xlsm
I14,0.25,p0p250,SA,13,a2,0.0875,0.0875,,I14_Coeffs,C13,NGAW2_GMPE_Spreadsheets_v5.7_041415_ProtectedLocked.xlsm
I14,0.25,p0p250,SA,13,b1,2.8289,2.8289,,I14_Coeffs,D13,NGAW2_GMPE_Spreadsheets_v5.7_041415_ProtectedLocked.xlsm
I14,0.25,p0p250,SA,13,b2,-0.22,-0.22,,I14_Coeffs,E13,NGAW2_GMPE_Spreadsheets_v5.7_041415_ProtectedLocked.xlsm
I14,0.25,p0p250,SA,13,a1_2,11.3629,11.3629,,I14_Coeffs,F13,NGAW2_GMPE_Spreadsheets_v5.7_041415_ProtectedLocked.xlsm
I14,0.25,p0p250,SA,13,a2_2,-0.1766,-0.1766,,I14_Coeffs,G13,NGAW2_GMPE_Spreadsheets_v5.7_041415_ProtectedLocked.xlsm
I14,0.25,p0p250,SA,13,b1_2,2.3773,2.3773,,I14_Coeffs,H13,NGAW2_GMPE_Spreadsheets_v5.7_041415_ProtectedLocked.xlsm
I14,0.25,p0p250,SA,13,b2_2,-0.1531,-0.1531,,I14_Coeffs,I13,NGAW2_GMPE_Spreadsheets_v5.7_041415_ProtectedLocked.xlsm
I14,0.25,p0p250,SA,13,a3,0.0095,0.0095,,I14_Coeffs,J13,NGAW2_GMPE_Spreadsheets_v5.7_041415_ProtectedLocked.xlsm
I14,0.25,p0p250,SA,13,x,-1.042,-1.042,,I14_Coeffs,K13,NGAW2_GMPE_Spreadsheets_v5.7_041415_ProtectedLocked.xlsm
I14,0.25,p0p250,SA,13,g,-0.0028,-0.0028,,I14_Coeffs,L13,NGAW2_GMPE_Spreadsheets_v5.7_041415_ProtectedLocked.xlsm
I14,0.25,p0p250,SA,13,j,0.08,0.08,,I14_Coeffs,M13,NGAW2_GMPE_Spreadsheets_v5.7_041415_ProtectedLocked.xlsm
I14,0.3,p0p300,SA,14,a1,9.8912,9.8912,,I14_Coeffs,B14,NGAW2_GMPE_Spreadsheets_v5.7_041415_ProtectedLocked.xlsm
I14,0.3,p0p300,SA,14,a2,0.0003,0.0003,,I14_Coeffs,C14,NGAW2_GMPE_Spreadsheets_v5.7_041415_ProtectedLocked.xlsm
I14,0.3,p0p300,SA,14,b1,2.8423,2.8423,,I14_Coeffs,D14,NGAW2_GMPE_Spreadsheets_v5.7_041415_ProtectedLocked.xlsm
I14,0.3,p0p300,SA,14,b2,-0.2284,-0.2284,,I14_Coeffs,E14,NGAW2_GMPE_Spreadsheets_v5.7_041415_ProtectedLocked.xlsm
I14,0.3,p0p300,SA,14,a1_2,11.7818,11.7818,,I14_Coeffs,F14,NGAW2_GMPE_Spreadsheets_v5.7_041415_ProtectedLocked.xlsm
I14,0.3,p0p300,SA,14,a2_2,-0.2798,-0.2798,,I14_Coeffs,G14,NGAW2_GMPE_Spreadsheets_v5.7_041415_ProtectedLocked.xlsm
I14,0.3,p0p300,SA,14,b1_2,2.3772,2.3772,,I14_Coeffs,H14,NGAW2_GMPE_Spreadsheets_v5.7_041415_ProtectedLocked.xlsm
I14,0.3,p0p300,SA,14,b2_2,-0.1595,-0.1595,,I14_Coeffs,I14,NGAW2_GMPE_Spreadsheets_v5.7_041415_ProtectedLocked.xlsm
I14,0.3,p0p300,SA,14,a3,-0.0039,-0.0039,,I14_Coeffs,J14,NGAW2_GMPE_Spreadsheets_v5.7_041415_ProtectedLocked.xlsm
I14,0.3,p0p300,SA,14,x,-1.03,-1.03,,I14_Coeffs,K14,NGAW2_GMPE_Spreadsheets_v5.7_041415_ProtectedLocked.xlsm
I14,0.3,p0p300,SA,14,g,-0.0029,-0.0029,,I14_Coeffs,L14,NGAW2_GMPE_Spreadsheets_v5.7_041415_ProtectedLocked.xlsm
I14,0.3,p0p300,SA,14,j,0.08,0.08,,I14_Coeffs,M14,NGAW2_GMPE_Spreadsheets_v5.7_041415_ProtectedLocked.xlsm
I14,0.4,p0p400,SA,15,a1,9.5342,9.5342,,I14_Coeffs,B15,NGAW2_GMPE_Spreadsheets_v5.7_041415_ProtectedLocked.xlsm
I14,0.4,p0p400,SA,15,a2,0.0027,0.0027,,I14_Coeffs,C15,NGAW2_GMPE_Spreadsheets_v5.7_041415_ProtectedLocked.xlsm
I14,0.4,p0p400,SA,15,b1,2.83,2.83,,I14_Coeffs,D15,NGAW2_GMPE_Spreadsheets_v5.7_041415_ProtectedLocked.xlsm
I14,0.4,p0p400,SA,15,b2,-0.2318,-0.2318,,I14_Coeffs,E15,NGAW2_GMPE_Spreadsheets_v5.7_041415_ProtectedLocked.xlsm
I14,0.4,p0p400,SA,15,a1_2,11.6097,11.6097,,I14_Coeffs,F15,NGAW2_GMPE_Spreadsheets_v5.7_041415_ProtectedLocked.xlsm
I14,0.4,p0p400,SA,15,a2_2,-0.3048,-0.3048,,I14_Coeffs,G15,NGAW2_GMPE_Spreadsheets_v5.7_041415_ProtectedLocked.xlsm
I14,0.4,p0p400,SA,15,b1_2,2.3413,2.3413,,I14_Coeffs,H15,NGAW2_GMPE_Spreadsheets_v5.7_041415_ProtectedLocked.xlsm
I14,0.4,p0p400,SA,15,b2_2,-0.1594,-0.1594,,I14_Coeffs,I15,NGAW2_GMPE_Spreadsheets_v5.7_041415_ProtectedLocked.xlsm
I14,0.4,p0p400,SA,15,a3,-0.0133,-0.0133,,I14_Coeffs,J15,NGAW2_GMPE_Spreadsheets_v5.7_041415_ProtectedLocked.xlsm
I14,0.4,p0p400,SA,15,x,-1.019,-1.019,,I14_Coeffs,K15,NGAW2_GMPE_Spreadsheets_v5.7_041415_ProtectedLocked.xlsm
I14,0.4,p0p400,SA,15,g,-0.0028,-0.0028,,I14_Coeffs,L15,NGAW2_GMPE_Spreadsheets_v5.7_041415_ProtectedLocked.xlsm
I14,0.4,p0p400,SA,15,j,0.08,0.08,,I14_Coeffs,M15,NGAW2_GMPE_Spreadsheets_v5.7_041415_ProtectedLocked.xlsm
I14,0.5,p0p500,SA,16,a1,9.2142,9.2142,,I14_Coeffs,B16,NGAW2_GMPE_Spreadsheets_v5.7_041415_ProtectedLocked.xlsm
I14,0.5,p0p500,SA,16,a2,0.0399,0.0399,,I14_Coeffs,C16,NGAW2_GMPE_Spreadsheets_v5.7_041415_ProtectedLocked.xlsm
I14,0.5,p0p500,SA,16,b1,2.856,2.856,,I14_Coeffs,D16,NGAW2_GMPE_Spreadsheets_v5.7_041415_ProtectedLocked.xlsm
I14,0.5,p0p500,SA,16,b2,-0.2337,-0.2337,,I14_Coeffs,E16,NGAW2_GMPE_Spreadsheets_v5.7_041415_ProtectedLocked.xlsm
I14,0.5,p0p500,SA,16,a1_2,11.4484,11.4484,,I14_Coeffs,F16,NGAW2_GMPE_Spreadsheets_v5.7_041415_ProtectedLocked.xlsm
I14,0.5,p0p500,SA,16,a2_2,-0.2911,-0.2911,,I14_Coeffs,G16,NGAW2_GMPE_Spreadsheets_v5.7_041415_ProtectedLocked.xlsm
I14,0.5,p0p500,SA,16,b1_2,2.3477,2.3477,,I14_Coeffs,H16,NGAW2_GMPE_Spreadsheets_v5.7_041415_ProtectedLocked.xlsm
I14,0.5,p0p500,SA,16,b2_2,-0.1584,-0.1584,,I14_Coeffs,I16,NGAW2_GMPE_Spreadsheets_v5.7_041415_ProtectedLocked.xlsm
I14,0.5,p0p500,SA,16,a3,-0.0224,-0.0224,,I14_Coeffs,J16,NGAW2_GMPE_Spreadsheets_v5.7_041415_ProtectedLocked.xlsm
I14,0.5,p0p500,SA,16,x,-1.023,-1.023,,I14_Coeffs,K16,NGAW2_GMPE_Spreadsheets_v5.7_041415_ProtectedLocked.xlsm
I14,0.5,p0p500,SA,16,g,-0.0021,-0.0021,,I14_Coeffs,L16,NGAW2_GMPE_Spreadsheets_v5.7_041415_ProtectedLocked.xlsm
I14,0.5,p0p500,SA,16,j,0.08,0.08,,I14_Coeffs,M16,NGAW2_GMPE_Spreadsheets_v5.7_041415_ProtectedLocked.xlsm
I14,0.75,p0p750,SA,17,a1,8.3517,8.3517,,I14_Coeffs,B17,NGAW2_GMPE_Spreadsheets_v5.7_041415_ProtectedLocked.xlsm
I14,0.75,p0p750,SA,17,a2,0.0689,0.0689,,I14_Coeffs,C17,NGAW2_GMPE_Spreadsheets_v5.7_041415_ProtectedLocked.xlsm
I14,0.75,p0p750,SA,17,b1,2.7544,2.7544,,I14_Coeffs,D17,NGAW2_GMPE_Spreadsheets_v5.7_041415_ProtectedLocked.xlsm
I14,0.75,p0p750,SA,17,b2,-0.2392,-0.2392,,I14_Coeffs,E17,NGAW2_GMPE_Spreadsheets_v5.7_041415_ProtectedLocked.xlsm
I14,0.75,p0p750,SA,17,a1_2,10.9065,10.9065,,I14_Coeffs,F17,NGAW2_GMPE_Spreadsheets_v5.7_041415_ProtectedLocked.xlsm
I14,0.75,p0p750,SA,17,a2_2,-0.3097,-0.3097,,I14_Coeffs,G17,NGAW2_GMPE_Spreadsheets_v5.7_041415_ProtectedLocked.xlsm
I14,0.75,p0p750,SA,17,b1_2,2.2042,2.2042,,I14_Coeffs,H17,NGAW2_GMPE_Spreadsheets_v5.7_041415_ProtectedLocked.xlsm
I14,0.75,p0p750,SA,17,b2_2,-0.1577,-0.1577,,I14_Coeffs,I17,NGAW2_GMPE_Spreadsheets_v5.7_041415_ProtectedLocked.xlsm
I14,0.75,p0p750,SA,17,a3,-0.0267,-0.0267,,I14_Coeffs,J17,NGAW2_GMPE_Spreadsheets_v5.7_041415_ProtectedLocked.xlsm
I14,0.75,p0p750,SA,17,x,-1.056,-1.056,,I14_Coeffs,K17,NGAW2_GMPE_Spreadsheets_v5.7_041415_ProtectedLocked.xlsm
I14,0.75,p0p750,SA,17,g,-0.0029,-0.0029,,I14_Coeffs,L17,NGAW2_GMPE_Spreadsheets_v5.7_041415_ProtectedLocked.xlsm
I14,0.75,p0p750,SA,17,j,0.08,0.08,,I14_Coeffs,M17,NGAW2_GMPE_Spreadsheets_v5.7_041415_ProtectedLocked.xlsm
I14,1.0,p1p000,SA,18,a1,7.0453,7.0453,,I14_Coeffs,B18,NGAW2_GMPE_Spreadsheets_v5.7_041415_ProtectedLocked.xlsm
I14,1.0,p1p000,SA,18,a2,0.16,0.16,,I14_Coeffs,C18,NGAW2_GMPE_Spreadsheets_v5.7_041415_ProtectedLocked.xlsm
I14,1.0,p1p000,SA,18,b1,2.7339,2.7339,,I14_Coeffs,D18,NGAW2_GMPE_Spreadsheets_v5.7_041415_ProtectedLocked.xlsm
I14,1.0,p1p000,SA,18,b2,-0.2398,-0.2398,,I14_Coeffs,E18,NGAW2_GMPE_Spreadsheets_v5.7_041415_ProtectedLocked.xlsm
I14,1.0,p1p000,SA,18,a1_2,9.8565,9.8565,,I14_Coeffs,F18,NGAW2_GMPE_Spreadsheets_v5.7_041415_ProtectedLocked.xlsm
I14,1.0,p1p000,SA,18,a2_2,-0.2565,-0.2565,,I14_Coeffs,G18,NGAW2_GMPE_Spreadsheets_v5.7_041415_ProtectedLocked.xlsm
I14,1.0,p1p000,SA,18,b1_2,2.1493,2.1493,,I14_Coeffs,H18,NGAW2_GMPE_Spreadsheets_v5.7_041415_ProtectedLocked.xlsm
I14,1.0,p1p000,SA,18,b2_2,-0.1532,-0.1532,,I14_Coeffs,I18,NGAW2_GMPE_Spreadsheets_v5.7_041415_ProtectedLocked.xlsm
I14,1.0,p1p000,SA,18,a3,-0.0198,-0.0198,,I14_Coeffs,J18,NGAW2_GMPE_Spreadsheets_v5.7_041415_ProtectedLocked.xlsm
I14,1.0,p1p000,SA,18,x,-1.009,-1.009,,I14_Coeffs,K18,NGAW2_GMPE_Spreadsheets_v5.7_041415_ProtectedLocked.xlsm
I14,1.0,p1p000,SA,18,g,-0.0032,-0.0032,,I14_Coeffs,L18,NGAW2_GMPE_Spreadsheets_v5.7_041415_ProtectedLocked.xlsm
I14,1.0,p1p000,SA,18,j,0.06,0.06,,I14_Coeffs,M18,NGAW2_GMPE_Spreadsheets_v5.7_041415_ProtectedLocked.xlsm
I14,1.5,p1p500,SA,19,a1,5.1307,5.1307,,I14_Coeffs,B19,NGAW2_GMPE_Spreadsheets_v5.7_041415_ProtectedLocked.xlsm
I14,1.5,p1p500,SA,19,a2,0.2429,0.2429,,I14_Coeffs,C19,NGAW2_GMPE_Spreadsheets_v5.7_041415_ProtectedLocked.xlsm
I14,1.5,p1p500,SA,19,b1,2.68,2.68,,I14_Coeffs,D19,NGAW2_GMPE_Spreadsheets_v5.7_041415_ProtectedLocked.xlsm
I14,1.5,p1p500,SA,19,b2,-0.2417,-0.2417,,I14_Coeffs,E19,NGAW2_GMPE_Spreadsheets_v5.7_041415_ProtectedLocked.xlsm
I14,1.5,p1p500,SA,19,a1_2,8.3363,8.3363,,I14_Coeffs,F19,NGAW2_GMPE_Spreadsheets_v5.7_041415_ProtectedLocked.xlsm
I14,1.5,p1p500,SA,19,a2_2,-0.232,-0.232,,I14_Coeffs,G19,NGAW2_GMPE_Spreadsheets_v5.7_041415_ProtectedLocked.xlsm
I14,1.5,p1p500,SA,19,b1_2,2.0408,2.0408,,I14_Coeffs,H19,NGAW2_GMPE_Spreadsheets_v5.7_041415_ProtectedLocked.xlsm
I14,1.5,p1p500,SA,19,b2_2,-0.147,-0.147,,I14_Coeffs,I19,NGAW2_GMPE_Spreadsheets_v5.7_041415_ProtectedLocked.xlsm
I14,1.5,p1p500,SA,19,a3,-0.0367,-0.0367,,I14_Coeffs,J19,NGAW2_GMPE_Spreadsheets_v5.7_041415_ProtectedLocked.xlsm
I14,1.5,p1p500,SA,19,x,-0.898,-0.898,,I14_Coeffs,K19,NGAW2_GMPE_Spreadsheets_v5.7_041415_ProtectedLocked.xlsm
I14,1.5,p1p500,SA,19,g,-0.0033,-0.0033,,I14_Coeffs,L19,NGAW2_GMPE_Spreadsheets_v5.7_041415_ProtectedLocked.xlsm
I14,1.5,p1p500,SA,19,j,0.04,0.04,,I14_Coeffs,M19,NGAW2_GMPE_Spreadsheets_v5.7_041415_ProtectedLocked.xlsm
I14,2.0,p2p000,SA,20,a1,3.361,3.361,,I14_Coeffs,B20,NGAW2_GMPE_Spreadsheets_v5.7_041415_ProtectedLocked.xlsm
I14,2.0,p2p000,SA,20,a2,0.3966,0.3966,,I14_Coeffs,C20,NGAW2_GMPE_Spreadsheets_v5.7_041415_ProtectedLocked.xlsm
I14,2.0,p2p000,SA,20,b1,2.6837,2.6837,,I14_Coeffs,D20,NGAW2_GMPE_Spreadsheets_v5.7_041415_ProtectedLocked.xlsm
I14,2.0,p2p000,SA,20,b2,-0.245,-0.245,,I14_Coeffs,E20,NGAW2_GMPE_Spreadsheets_v5.7_041415_ProtectedLocked.xlsm
I14,2.0,p2p000,SA,20,a1_2,6.8656,6.8656,,I14_Coeffs,F20,NGAW2_GMPE_Spreadsheets_v5.7_041415_ProtectedLocked.xlsm
I14,2.0,p2p000,SA,20,a2_2,-0.1226,-0.1226,,I14_Coeffs,G20,NGAW2_GMPE_Spreadsheets_v5.7_041415_ProtectedLocked.xlsm
I14,2.0,p2p000,SA,20,b1_2,2.0013,2.0013,,I14_Coeffs,H20,NGAW2_GMPE_Spreadsheets_v5.7_041415_ProtectedLocked.xlsm
I14,2.0,p2p000,SA,20,b2_2,-0.1439,-0.1439,,I14_Coeffs,I20,NGAW2_GMPE_Spreadsheets_v5.7_041415_ProtectedLocked.xlsm
I14,2.0,p2p000,SA,20,a3,-0.0291,-0.0291,,I14_Coeffs,J20,NGAW2_GMPE_Spreadsheets_v5.7_041415_ProtectedLocked.xlsm
I14,2.0,p2p000,SA,20,x,-0.851,-0.851,,I14_Coeffs,K20,NGAW2_GMPE_Spreadsheets_v5.7_041415_ProtectedLocked.xlsm
I14,2.0,p2p000,SA,20,g,-0.0032,-0.0032,,I14_Coeffs,L20,NGAW2_GMPE_Spreadsheets_v5.7_041415_ProtectedLocked.xlsm
I14,2.0,p2p000,SA,20,j,0.02,0.02,,I14_Coeffs,M20,NGAW2_GMPE_Spreadsheets_v5.7_041415_ProtectedLocked.xlsm
I14,3.0,p3p000,SA,21,a1,0.1784,0.1784,,I14_Coeffs,B21,NGAW2_GMPE_Spreadsheets_v5.7_041415_ProtectedLocked.xlsm
I14,3.0,p3p000,SA,21,a2,0.756,0.756,,I14_Coeffs,C21,NGAW2_GMPE_Spreadsheets_v5.7_041415_ProtectedLocked.xlsm
I14,3.0,p3p000,SA,21,b1,2.6907,2.6907,,I14_Coeffs,D21,NGAW2_GMPE_Spreadsheets_v5.7_041415_ProtectedLocked.xlsm
I14,3.0,p3p000,SA,21,b2,-0.2389,-0.2389,,I14_Coeffs,E21,NGAW2_GMPE_Spreadsheets_v5.7_041415_ProtectedLocked.xlsm
I14,3.0,p3p000,SA,21,a1_2,4.1178,4.1178,,I14_Coeffs,F21,NGAW2_GMPE_Spreadsheets_v5.7_041415_ProtectedLocked.xlsm
I14,3.0,p3p000,SA,21,a2_2,0.1724,0.1724,,I14_Coeffs,G21,NGAW2_GMPE_Spreadsheets_v5.7_041415_ProtectedLocked.xlsm
I14,3.0,p3p000,SA,21,b1_2,1.9408,1.9408,,I14_Coeffs,H21,NGAW2_GMPE_Spreadsheets_v5.7_041415_ProtectedLocked.xlsm
I14,3.0,p3p000,SA,21,b2_2,-0.1278,-0.1278,,I14_Coeffs,I21,NGAW2_GMPE_Spreadsheets_v5.7_041415_ProtectedLocked.xlsm
I14,3.0,p3p000,SA,21,a3,-0.0214,-0.0214,,I14_Coeffs,J21,NGAW2_GMPE_Spreadsheets_v5.7_041415_ProtectedLocked.xlsm
I14,3.0,p3p000,SA,21,x,-0.761,-0.761,,I14_Coeffs,K21,NGAW2_GMPE_Spreadsheets_v5.7_041415_ProtectedLocked.xlsm
I14,3.0,p3p000,SA,21,g,-0.0031,-0.0031,,I14_Coeffs,L21,NGAW2_GMPE_Spreadsheets_v5.7_041415_ProtectedLocked.xlsm
I14,3.0,p3p000,SA,21,j,0.02,0.02,,I14_Coeffs,M21,NGAW2_GMPE_Spreadsheets_v5.7_041415_ProtectedLocked.xlsm
I14,4.0,p4p000,SA,22,a1,-2.4301,-2.4301,,I14_Coeffs,B22,NGAW2_GMPE_Spreadsheets_v5.7_041415_ProtectedLocked.xlsm
I14,4.0,p4p000,SA,22,a2,0.9283,0.9283,,I14_Coeffs,C22,NGAW2_GMPE_Spreadsheets_v5.7_041415_ProtectedLocked.xlsm
I14,4.0,p4p000,SA,22,b1,2.5782,2.5782,,I14_Coeffs,D22,NGAW2_GMPE_Spreadsheets_v5.7_041415_ProtectedLocked.xlsm
I14,4.0,p4p000,SA,22,b2,-0.2514,-0.2514,,I14_Coeffs,E22,NGAW2_GMPE_Spreadsheets_v5.7_041415_ProtectedLocked.xlsm
I14,4.0,p4p000,SA,22,a1_2,1.8102,1.8102,,I14_Coeffs,F22,NGAW2_GMPE_Spreadsheets_v5.7_041415_ProtectedLocked.xlsm
I14,4.0,p4p000,SA,22,a2_2,0.3001,0.3001,,I14_Coeffs,G22,NGAW2_GMPE_Spreadsheets_v5.7_041415_ProtectedLocked.xlsm
I14,4.0,p4p000,SA,22,b1_2,1.7763,1.7763,,I14_Coeffs,H22,NGAW2_GMPE_Spreadsheets_v5.7_041415_ProtectedLocked.xlsm
I14,4.0,p4p000,SA,22,b2_2,-0.1326,-0.1326,,I14_Coeffs,I22,NGAW2_GMPE_Spreadsheets_v5.7_041415_ProtectedLocked.xlsm
I14,4.0,p4p000,SA,22,a3,-0.024,-0.024,,I14_Coeffs,J22,NGAW2_GMPE_Spreadsheets_v5.7_041415_ProtectedLocked.xlsm
I14,4.0,p4p000,SA,22,x,-0.675,-0.675,,I14_Coeffs,K22,NGAW2_GMPE_Spreadsheets_v5.7_041415_ProtectedLocked.xlsm
I14,4.0,p4p000,SA,22,g,-0.0051,-0.0051,,I14_Coeffs,L22,NGAW2_GMPE_Spreadsheets_v5.7_041415_ProtectedLocked.xlsm
I14,4.0,p4p000,SA,22,j,0,0,,I14_Coeffs,M22,NGAW2_GMPE_Spreadsheets_v5.7_041415_ProtectedLocked.xlsm
I14,5.0,p5p000,SA,23,a1,-4.357,-4.357,,I14_Coeffs,B23,NGAW2_GMPE_Spreadsheets_v5.7_041415_ProtectedLocked.xlsm
I14,5.0,p5p000,SA,23,a2,1.1209,1.1209,,I14_Coeffs,C23,NGAW2_GMPE_Spreadsheets_v5.7_041415_ProtectedLocked.xlsm
I14,5.0,p5p000,SA,23,b1,2.5468,2.5468,,I14_Coeffs,D23,NGAW2_GMPE_Spreadsheets_v5.7_041415_ProtectedLocked.xlsm
I14,5.0,p5p000,SA,23,b2,-0.2541,-0.2541,,I14_Coeffs,E23,NGAW2_GMPE_Spreadsheets_v5.7_041415_ProtectedLocked.xlsm
I14,5.0,p5p000,SA,23,a1_2,0.0977,0.0977,,I14_Coeffs,F23,NGAW2_GMPE_Spreadsheets_v5.7_041415_ProtectedLocked.xlsm
I14,5.0,p5p000,SA,23,a2_2,0.4609,0.4609,,I14_Coeffs,G23,NGAW2_GMPE_Spreadsheets_v5.7_041415_ProtectedLocked.xlsm
I14,5.0,p5p000,SA,23,b1_2,1.703,1.703,,I14_Coeffs,H23,NGAW2_GMPE_Spreadsheets_v5.7_041415_ProtectedLocked.xlsm
I14,5.0,p5p000,SA,23,b2_2,-0.1291,-0.1291,,I14_Coeffs,I23,NGAW2_GMPE_Spreadsheets_v5.7_041415_ProtectedLocked.xlsm
I14,5.0,p5p000,SA,23,a3,-0.0202,-0.0202,,I14_Coeffs,J23,NGAW2_GMPE_Spreadsheets_v5.7_041415_ProtectedLocked.xlsm
I14,5.0,p5p000,SA,23,x,-0.629,-0.629,,I14_Coeffs,K23,NGAW2_GMPE_Spreadsheets_v5.7_041415_ProtectedLocked.xlsm
I14,5.0,p5p000,SA,23,g,-0.0059,-0.0059,,I14_Coeffs,L23,NGAW2_GMPE_Spreadsheets_v5.7_041415_ProtectedLocked.xlsm
I14,5.0,p5p000,SA,23,j,0,0,,I14_Coeffs,M23,NGAW2_GMPE_Spreadsheets_v5.7_041415_ProtectedLocked.xlsm
I14,7.5,p7p500,SA,24,a1,-7.8275,-7.8275,,I14_Coeffs,B24,NGAW2_GMPE_Spreadsheets_v5.7_041415_ProtectedLocked.xlsm
I14,7.5,p7p500,SA,24,a2,1.4016,1.4016,,I14_Coeffs,C24,NGAW2_GMPE_Spreadsheets_v5.7_041415_ProtectedLocked.xlsm
I14,7.5,p7p500,SA,24,b1,2.4478,2.4478,,I14_Coeffs,D24,NGAW2_GMPE_Spreadsheets_v5.7_041415_ProtectedLocked.xlsm
I14,7.5,p7p500,SA,24,b2,-0.2593,-0.2593,,I14_Coeffs,E24,NGAW2_GMPE_Spreadsheets_v5.7_041415_ProtectedLocked.xlsm
I14,7.5,p7p500,SA,24,a1_2,-3.0563,-3.0563,,I14_Coeffs,F24,NGAW2_GMPE_Spreadsheets_v5.7_041415_ProtectedLocked.xlsm
I14,7.5,p7p500,SA,24,a2_2,0.6948,0.6948,,I14_Coeffs,G24,NGAW2_GMPE_Spreadsheets_v5.7_041415_ProtectedLocked.xlsm
I14,7.5,p7p500,SA,24,b1_2,1.5212,1.5212,,I14_Coeffs,H24,NGAW2_GMPE_Spreadsheets_v5.7_041415_ProtectedLocked.xlsm
I14,7.5,p7p500,SA,24,b2_2,-0.122,-0.122,,I14_Coeffs,I24,NGAW2_GMPE_Spreadsheets_v5.7_041415_ProtectedLocked.xlsm
I14,7.5,p7p500,SA,24,a3,-0.0219,-0.0219,,I14_Coeffs,J24,NGAW2_GMPE_Spreadsheets_v5.7_041415_ProtectedLocked.xlsm
I14,7.5,p7p500,SA,24,x,-0.531,-0.531,,I14_Coeffs,K24,NGAW2_GMPE_Spreadsheets_v5.7_041415_ProtectedLocked.xlsm
I14,7.5,p7p500,SA,24,g,-0.0057,-0.0057,,I14_Coeffs,L24,NGAW2_GMPE_Spreadsheets_v5.7_041415_ProtectedLocked.xlsm
I14,7.5,p7p500,SA,24,j,0,0,,I14_Coeffs,M24,NGAW2_GMPE_Spreadsheets_v5.7_041415_ProtectedLocked.xlsm
I14,10.0,p10p000,SA,25,a1,-9.2857,-9.2857,,I14_Coeffs,B25,NGAW2_GMPE_Spreadsheets_v5.7_041415_ProtectedLocked.xlsm
I14,10.0,p10p000,SA,25,a2,1.5574,1.5574,,I14_Coeffs,C25,NGAW2_GMPE_Spreadsheets_v5.7_041415_ProtectedLocked.xlsm
I14,10.0,p10p000,SA,25,b1,2.3922,2.3922,,I14_Coeffs,D25,NGAW2_GMPE_Spreadsheets_v5.7_041415_ProtectedLocked.xlsm
I14,10.0,p10p000,SA,25,b2,-0.2586,-0.2586,,I14_Coeffs,E25,NGAW2_GMPE_Spreadsheets_v5.7_041415_ProtectedLocked.xlsm
I14,10.0,p10p000,SA,25,a1_2,-4.4387,-4.4387,,I14_Coeffs,F25,NGAW2_GMPE_Spreadsheets_v5.7_041415_ProtectedLocked.xlsm
I14,10.0,p10p000,SA,25,a2_2,0.8393,0.8393,,I14_Coeffs,G25,NGAW2_GMPE_Spreadsheets_v5.7_041415_ProtectedLocked.xlsm
I14,10.0,p10p000,SA,25,b1_2,1.4195,1.4195,,I14_Coeffs,H25,NGAW2_GMPE_Spreadsheets_v5.7_041415_ProtectedLocked.xlsm
I14,10.0,p10p000,SA,25,b2_2,-0.1145,-0.1145,,I14_Coeffs,I25,NGAW2_GMPE_Spreadsheets_v5.7_041415_ProtectedLocked.xlsm
I14,10.0,p10p000,SA,25,a3,-0.0035,-0.0035,,I14_Coeffs,J25,NGAW2_GMPE_Spreadsheets_v5.7_041415_ProtectedLocked.xlsm
I14,10.0,p10p000,SA,25,x,-0.586,-0.586,,I14_Coeffs,K25,NGAW2_GMPE_Spreadsheets_v5.7_041415_ProtectedLocked.xlsm
I14,10.0,p10p000,SA,25,g,-0.0061,-0.0061,,I14_Coeffs,L25,NGAW2_GMPE_Spreadsheets_v5.7_041415_ProtectedLocked.xlsm
I14,10.0,p10p000,SA,25,j,0,0,,I14_Coeffs,M25,NGAW2_GMPE_Spreadsheets_v5.7_041415_ProtectedLocked.xlsm
I14,0.0,pga,PGA,26,a1,7.0887,7.0887,,I14_Coeffs,B26,NGAW2_GMPE_Spreadsheets_v5.7_041415_ProtectedLocked.xlsm
I14,0.0,pga,PGA,26,a2,0.2058,0.2058,,I14_Coeffs,C26,NGAW2_GMPE_Spreadsheets_v5.7_041415_ProtectedLocked.xlsm
I14,0.0,pga,PGA,26,b1,2.9935,2.9935,,I14_Coeffs,D26,NGAW2_GMPE_Spreadsheets_v5.7_041415_ProtectedLocked.xlsm
I14,0.0,pga,PGA,26,b2,-0.2287,-0.2287,,I14_Coeffs,E26,NGAW2_GMPE_Spreadsheets_v5.7_041415_ProtectedLocked.xlsm
I14,0.0,pga,PGA,26,a1_2,9.0138,9.0138,,I14_Coeffs,F26,NGAW2_GMPE_Spreadsheets_v5.7_041415_ProtectedLocked.xlsm
I14,0.0,pga,PGA,26,a2_2,-0.0794,-0.0794,,I14_Coeffs,G26,NGAW2_GMPE_Spreadsheets_v5.7_041415_ProtectedLocked.xlsm
I14,0.0,pga,PGA,26,b1_2,2.9935,2.9935,,I14_Coeffs,H26,NGAW2_GMPE_Spreadsheets_v5.7_041415_ProtectedLocked.xlsm
I14,0.0,pga,PGA,26,b2_2,-0.2287,-0.2287,,I14_Coeffs,I26,NGAW2_GMPE_Spreadsheets_v5.7_041415_ProtectedLocked.xlsm
I14,0.0,pga,PGA,26,a3,0.0589,0.0589,,I14_Coeffs,J26,NGAW2_GMPE_Spreadsheets_v5.7_041415_ProtectedLocked.xlsm
I14,0.0,pga,PGA,26,x,-0.854,-0.854,,I14_Coeffs,K26,NGAW2_GMPE_Spreadsheets_v5.7_041415_ProtectedLocked.xlsm
I14,0.0,pga,PGA,26,g,-0.0027,-0.0027,,I14_Coeffs,L26,NGAW2_GMPE_Spreadsheets_v5.7_041415_ProtectedLocked.xlsm
I14,0.0,pga,PGA,26,j,0.08,0.08,,I14_Coeffs,M26,NGAW2_GMPE_Spreadsheets_v5.7_041415_ProtectedLocked.xlsm
